{
    "HOST": "0.0.0.0",
    "PORT": "3000",
    "CON_HOST": "eo4u_connector",
    "CON_PORT": "4000",
    "DB_CONFIG": {
        "url": "bolt://eo4u_neo4j",
        "userName": "neo4j",
        "password": "Pr0v1der"
    },
    "CACHE_CONFIG": {
        "host": "eo4u_redis",
        "port": 6379
    },
    "STORAGE": {
        "AZURE_STORAGE_URL": "https://eo4udevsa.blob.core.windows.net",
        "AZURE_STORAGE_USER_IMAGE_CONTAINER_NAME": "images",
        "AZURE_STORAGE_EO_IMAGE_CONTAINER_NAME": "eo-image",
        "AZURE_STORAGE_ACCOUNT_NAME": "eo4udevsa",
        "AZURE_STORAGE_ACCOUNT_ACCESS_KEY": "lpMFCE8Hpi3VIPrbGKdIqqgm9/uwHOzkHT8zpR1nPGszId85XrXcWAq8rZFh1JNJVdAe/uZBX3QS6i9sbXPFaQ=="
    }
}