{
    "HOST": "0.0.0.0",
    "PORT": "3000",
    "CON_HOST":"localhost",
    "CON_PORT":"4000",
    "DB_CONFIG": {
        "url": "bolt://localhost",
        "userName": "neo4j",
        "password": "root"
    },
    "CACHE_CONFIG": {
        "host": "localhost",
        "port": 6379
    },
    "STORAGE": {
        "AZURE_STORAGE_URL": "https://eo4udevsa.blob.core.windows.net",
        "AZURE_STORAGE_USER_IMAGE_CONTAINER_NAME": "images",
        "AZURE_STORAGE_EO_IMAGE_CONTAINER_NAME": "eo-image",
        "AZURE_STORAGE_ACCOUNT_NAME": "eo4udevsa",
        "AZURE_STORAGE_ACCOUNT_ACCESS_KEY": "lpMFCE8Hpi3VIPrbGKdIqqgm9/uwHOzkHT8zpR1nPGszId85XrXcWAq8rZFh1JNJVdAe/uZBX3QS6i9sbXPFaQ=="
    }
}