{
    "routePrefix": "/api/docs",
    "exposeRoute": true,
    "swagger": {
        "info": {
            "title": "EO4U web API",
            "description": "EO4U web API docs.",
            "version": "1.1.10"
        },
        "host": "dev.eo4u.ca",
          "securityDefinitions": {
            "JWT": {
                "type": "apiKey",
                "name": "apiKey",
                "in": "header"
              }
          },
          "security": [{
            "apiKey": ""
          }],
        "schemes": [
            "http",
            "https"
        ],
        "consumes": [
            "application/json"
        ],
        "produces": [
            "application/json"
        ]
    }
}