{
    "tabSize": 4,
    "indentSize": 4,
    "newLineCharacter": "\n",
    "convertTabsToSpaces": false,
    "insertSpaceAfterCommaDelimiter": true,
    "insertSpaceAfterSemicolonInForStatements": true,
    "insertSpaceBeforeAndAfterBinaryOperators": true,
    "insertSpaceAfterKeywordsInControlFlowStatements": true,
    "insertSpaceAfterFunctionKeywordForAnonymousFunctions": true,
    "insertSpaceAfterOpeningAndBeforeClosingNonemptyParenthesis": false,
    "insertSpaceAfterOpeningAndBeforeClosingNonemptyBrackets": false,
    "insertSpaceAfterOpeningAndBeforeClosingTemplateStringBraces": false,
    "insertSpaceBeforeFunctionParenthesis": false,
    "placeOpenBraceOnNewLineForFunctions": false,
    "placeOpenBraceOnNewLineForControlBlocks": false
}