{
    "extends": "tslint:latest",
    "linterOptions": {
        "exclude": [
            "./dist"
        ]
    },
    "rules": {
        "class-name": true,
        "curly": true,
        "eofline": false,
        "forin": true,
        "indent": [true, "spaces", 2],
        "label-position": true,
        "max-line-length": [
            true,
            800
        ],
        "no-arg": true,
        "no-bitwise": true,
        "member-ordering": [
            true,
            {
                "order": "fields-first"
            }
        ],
        "no-console": [
            true,
            "debug",
            "info",
            "time",
            "timeEnd",
            "trace"
        ],
        "no-var-requires": false,
        "no-construct": true,
        "no-debugger": true,
        "no-duplicate-variable": true,
        "no-duplicate-imports": true,
        "import-spacing": true,
        "no-empty": false,
        "no-eval": true,
        "no-string-literal": false,
        "no-trailing-whitespace": [
            true,
            "ignore-comments"
        ],
        "no-unused-variable": false,
        "one-line": [
            true,
            "check-open-brace",
            "check-catch",
            "check-else",
            "check-whitespace"
        ],
        "radix": true,
        "semicolon": [
            true,
            "always"
        ],
        "triple-equals": [
            true,
            "allow-null-check"
        ],
        "quotemark": [true, "double", "avoid-escape", "avoid-template"],
        "variable-name": [true, "ban-keywords", "check-format", "allow-leading-underscore"],
        "whitespace": [
            true,
            "check-branch",
            "check-decl",
            "check-operator",
            "check-separator"
        ]
    }
}